Time (sec),Accel. Pedal Pos. (%),Actual AFR (AFR),Boost (PSI),Boost Air Temp. (° F),Calculated Load (Load),HPFP Act. Press. (PSI),Inj. Duty Cycle (%),Intake Temp. (° F),Intake Valve Adv. (°),Knock Retard (°),Long Term FT (%),MAF Voltage (V),Mass Airflow (g/s),RPM (RPM),Short Term FT (%),Spark Adv. (°),Throttle Position (%),Vehicle Speed (mph),Wastegate Duty (%)
0.000,31,14.70,-2.80,61,0.71,1645,9.96,55,26,0.00,3.91,2.21,45.52,2776,-2.34,25.00,18,47,2
0.002,31,14.70,-2.73,61,0.71,1659,9.96,55,26,0.00,3.91,2.19,44.34,2777,-2.34,26.50,18,47,2
0.047,31,14.70,-2.66,61,0.71,1637,9.97,55,26,0.00,3.91,2.21,45.82,2780,-2.34,25.50,18,47,2
0.082,31,14.70,-2.66,61,0.71,1659,10.07,55,26,0.00,3.91,2.21,45.52,2786,-2.34,26.00,18,47,2
0.126,31,14.70,-2.59,61,0.71,1652,10.13,55,26,0.00,3.91,2.21,45.52,2792,-2.34,25.00,18,47,2
0.167,31,14.70,-2.66,61,0.72,1648,10.15,55,26,0.00,3.91,2.21,45.52,2798,-2.34,26.00,18,47,2
0.247,31,14.85,-2.59,61,0.72,1648,10.19,55,26,0.00,3.91,2.21,45.52,2800,-2.34,24.50,18,47,2
0.302,31,14.70,-2.59,61,0.72,1665,10.23,55,26,0.00,3.91,2.23,47.03,2811,-2.34,25.50,18,47,2
0.354,31,14.70,-2.59,61,0.73,1658,10.33,55,26,0.00,3.91,2.23,46.73,2818,-2.34,25.00,18,47,2
0.410,32,14.70,-2.59,61,0.73,1665,10.32,55,26,0.00,3.91,2.22,46.73,2826,-3.12,24.00,18,47,2
0.464,61,14.55,-1.66,61,0.75,1635,10.36,55,26,0.00,3.91,2.29,50.76,2834,-3.12,25.00,24,47,5
0.506,85,14.70,0.35,61,0.90,1677,11.87,55,26,0.00,3.91,2.62,79.71,2836,-3.12,19.00,55,48,28
0.538,98,15.14,1.79,61,1.05,1655,16.44,55,26,0.00,3.91,2.64,81.79,2922,-2.34,11.00,74,48,31
0.584,98,15.14,1.93,61,1.10,1648,18.86,55,26,0.00,3.91,2.65,83.88,2966,2.34,10.00,76,48,32
0.625,98,13.96,2.22,61,1.17,1693,20.90,55,26,0.00,3.91,2.65,84.95,2887,8.59,7.50,76,48,32
0.667,98,12.94,2.58,61,1.19,1645,22.55,55,26,0.00,3.91,2.64,81.79,2828,10.16,6.00,76,48,32
0.711,98,12.20,2.79,61,1.22,1645,23.61,55,26,0.00,3.91,2.65,83.88,2884,9.38,6.50,76,48,32
0.758,98,11.32,3.01,61,1.24,1714,24.56,55,26,0.00,0.00,2.68,87.12,2920,12.50,5.50,76,48,32
0.811,99,11.02,3.36,61,1.28,1659,24.69,55,26,0.00,0.00,2.70,88.75,2889,0.00,5.00,76,48,32
0.853,99,11.02,3.58,61,1.29,1684,24.24,55,26,0.00,0.00,2.72,90.99,2909,0.00,5.00,76,48,33
0.895,99,11.02,3.94,61,1.32,1710,24.17,55,26,0.00,0.00,2.75,92.10,2933,0.00,4.50,76,48,33
0.937,99,11.32,4.16,61,1.34,1633,23.98,55,26,0.00,0.00,2.76,96.05,2934,0.00,4.50,76,49,33
0.980,99,11.47,4.44,61,1.36,1684,23.97,55,25,0.00,0.00,2.77,96.62,2942,0.00,4.00,76,49,33
1.039,99,11.76,4.73,61,1.38,1697,24.14,55,26,0.00,0.00,2.79,99.48,2954,0.00,3.50,76,49,33
1.085,99,11.91,5.09,61,1.43,1714,25.04,55,25,0.00,0.00,2.80,100.63,2967,0.00,3.00,76,49,33
1.127,99,12.05,5.37,61,1.43,1652,25.64,55,25,0.00,0.00,2.84,105.89,2977,0.00,3.00,76,50,34
1.169,99,11.91,5.73,61,1.45,1679,26.59,55,25,0.00,0.00,2.83,105.89,2994,0.00,2.50,76,50,34
1.207,99,11.91,6.09,59,1.47,1655,27.29,55,25,0.00,0.00,2.85,107.07,2996,0.00,2.00,76,50,34
1.251,99,11.76,6.16,59,1.49,1711,27.94,55,25,0.00,0.00,2.88,110.09,3006,0.00,2.00,76,50,34
1.293,99,11.76,6.52,59,1.51,1679,28.71,55,25,0.00,0.00,2.89,111.90,3024,0.00,1.50,76,50,34
1.335,99,11.76,6.88,59,1.52,1662,29.22,55,25,0.00,0.00,2.93,116.22,3032,0.00,1.50,76,50,35
1.379,99,11.61,7.24,59,1.55,1684,29.69,55,24,0.00,0.00,2.95,120.02,3034,0.00,1.00,76,50,35
1.421,99,11.61,7.67,59,1.58,1722,30.60,55,25,0.00,0.00,2.96,120.02,3060,0.00,1.00,76,51,35
1.458,99,11.61,8.03,59,1.60,1693,31.02,55,24,0.00,0.00,2.97,122.58,3065,0.00,0.50,76,51,35
1.517,99,11.61,8.46,59,1.63,1739,31.68,55,24,0.00,0.00,3.02,123.89,3085,0.00,0.50,76,51,35
1.560,99,11.61,8.82,59,1.66,1743,32.43,55,24,0.00,0.00,3.00,129.86,3094,0.00,0.00,76,52,35
1.602,99,11.61,9.25,59,1.69,1669,33.07,55,24,0.00,0.00,3.04,131.89,3096,0.00,0.00,76,52,36
1.644,99,11.47,9.68,59,1.73,1655,34.25,55,24,0.00,0.00,3.06,134.68,3129,0.00,-0.50,76,52,36
1.686,99,11.47,9.89,59,1.76,1662,35.08,55,24,0.00,0.00,3.07,136.79,3136,0.00,-0.50,76,52,36
1.727,99,11.47,10.47,59,1.80,1700,35.76,55,24,0.00,0.00,3.10,141.09,3133,0.00,-1.00,76,52,36
1.770,99,11.47,10.97,59,1.84,1677,36.56,55,23,0.00,0.00,3.14,146.95,3155,0.00,-1.00,76,52,36
1.828,99,11.32,11.33,59,1.88,1665,37.35,55,23,0.00,0.00,3.18,149.92,3179,0.00,-1.00,76,52,37
1.871,99,11.47,12.05,59,1.93,1707,38.57,55,23,0.00,0.00,3.19,153.72,3186,0.00,-1.00,76,53,37
1.913,99,11.47,12.69,59,1.96,1672,39.51,55,23,0.00,0.00,3.20,156.01,3204,0.00,-1.00,76,53,37
1.954,99,11.47,12.98,59,2.01,1714,40.41,55,23,0.00,0.00,3.24,163.05,3204,0.00,-0.50,76,53,37
1.996,99,11.47,13.48,59,2.05,1675,41.76,55,23,0.00,0.00,3.26,166.24,3236,0.00,-0.50,76,54,37
2.029,99,11.47,13.84,59,2.09,1724,43.10,55,23,0.00,0.00,3.28,172.69,3242,0.00,-0.50,74,54,37
2.074,99,11.32,14.41,59,2.13,1672,44.23,55,22,0.00,0.00,3.32,175.12,3255,0.00,0.00,73,54,37
2.126,99,11.32,15.13,59,2.18,1645,45.90,55,22,0.00,0.00,3.33,176.77,3288,0.00,0.50,72,54,37
2.158,99,11.32,15.63,59,2.21,1693,46.47,55,22,0.00,0.00,3.34,179.23,3291,0.00,0.50,71,55,37
2.203,99,11.32,15.99,59,2.24,1722,46.92,55,22,0.00,0.00,3.38,185.90,3298,0.00,1.00,71,55,36
2.244,99,11.32,16.35,59,2.26,1774,47.80,55,22,0.00,0.00,3.40,189.28,3335,0.00,1.00,69,55,36
2.286,99,11.32,16.64,59,2.30,1753,48.75,55,22,0.00,0.00,3.42,193.59,3348,0.00,1.00,70,55,36
2.318,99,11.32,17.21,59,2.32,1764,49.44,55,22,0.00,0.00,3.41,187.58,3356,0.00,1.00,70,56,36
2.373,99,11.32,17.35,59,2.34,1684,50.14,55,21,0.00,0.00,3.43,190.14,3378,0.00,1.00,70,56,36
2.415,99,11.32,17.86,59,2.36,1655,51.57,55,21,0.00,0.00,3.42,189.28,3420,0.00,1.00,70,56,36
2.458,99,11.47,18.15,59,2.36,1753,52.24,55,21,0.00,0.00,3.42,193.59,3428,0.00,1.00,70,57,36
2.500,99,11.47,18.29,59,2.38,1778,52.76,55,21,0.00,0.00,3.47,202.37,3429,0.00,1.00,70,57,36
2.543,99,11.47,18.15,59,2.38,1704,53.80,55,21,0.00,0.00,3.46,200.60,3458,0.00,1.50,70,57,36
2.578,99,11.32,18.36,59,2.37,1677,54.49,55,20,0.00,0.00,3.45,198.84,3472,0.00,1.50,70,57,36
2.632,99,11.32,18.57,59,2.38,1791,54.91,55,20,0.00,0.00,3.46,200.60,3490,0.00,1.50,70,58,36
2.674,99,11.32,18.72,59,2.37,1739,55.25,55,20,0.75,0.00,3.44,197.08,3518,0.00,1.00,71,58,37
2.719,99,11.32,18.79,59,2.39,1677,55.94,55,20,0.40,0.00,3.47,204.18,3523,0.00,1.00,71,58,36
2.761,99,11.32,18.86,59,2.40,1806,57.01,55,20,0.40,0.00,3.49,205.98,3540,0.00,1.00,71,59,37
2.803,99,11.32,18.93,59,2.40,1711,57.65,55,20,0.40,0.00,3.53,213.31,3573,0.00,1.50,71,59,37
2.845,99,11.32,19.08,59,2.39,1811,57.69,55,19,0.40,0.00,3.51,211.46,3585,0.00,1.50,71,59,37
2.883,99,11.17,19.01,59,2.38,1788,57.64,55,19,0.05,0.00,3.51,210.53,3594,0.00,1.50,71,59,37
2.928,99,11.32,19.15,59,2.40,1675,57.70,55,19,0.05,0.00,3.52,211.46,3618,0.00,2.00,71,60,37
2.971,99,11.17,19.22,59,2.40,1766,57.90,55,19,0.05,0.00,3.52,211.46,3658,0.00,2.00,71,60,37
3.008,98,11.32,19.36,57,2.42,1711,57.90,55,18,0.05,0.00,3.54,216.09,3655,0.00,2.00,71,60,37
3.060,99,11.32,19.36,57,2.41,1823,57.81,55,18,0.05,0.00,3.52,212.38,3671,0.00,2.00,71,62,37
3.115,99,11.32,19.36,57,2.41,1675,59.27,55,18,0.00,0.00,3.54,217.97,3716,0.00,2.00,71,62,37
3.153,99,11.47,19.36,57,2.42,1732,60.06,55,18,0.00,0.00,3.57,220.83,3716,0.00,2.00,72,62,37
3.201,99,11.32,19.44,57,2.42,1820,60.95,55,17,0.00,0.00,3.60,224.65,3750,0.00,2.50,72,63,37
3.242,99,11.32,19.58,57,2.41,1669,61.54,55,17,0.00,0.00,3.60,226.60,3780,0.00,2.50,72,63,38
3.285,99,11.32,19.65,57,2.42,1806,61.65,55,17,0.00,0.00,3.60,226.60,3784,0.00,2.50,72,63,38
3.331,99,11.17,19.51,57,2.43,1761,62.21,55,17,0.00,0.00,3.61,222.74,3809,0.00,2.50,72,63,38
3.369,99,11.32,19.58,57,2.45,1682,62.16,55,17,0.00,0.00,3.59,217.97,3824,0.00,2.50,72,64,38
3.411,99,11.32,19.87,57,2.43,1830,61.97,55,16,0.00,0.00,3.60,227.58,3844,0.00,2.50,72,64,38
3.459,99,11.32,19.65,57,2.44,1761,62.04,55,17,0.00,0.00,3.61,229.54,3858,0.00,2.50,72,64,38
3.537,99,11.32,19.94,57,2.45,1823,63.74,55,16,0.00,0.00,3.63,237.55,3896,0.00,2.50,72,65,38
3.578,99,11.32,19.72,57,2.44,1851,64.50,55,16,0.00,0.00,3.65,239.58,3927,0.00,2.50,73,65,38
3.621,99,11.32,19.94,57,2.46,1756,64.77,55,15,0.00,0.00,3.63,226.60,3920,0.00,3.00,73,65,38
3.673,99,11.17,19.94,57,2.44,1761,65.13,55,16,0.00,0.00,3.66,239.58,3974,0.00,3.00,73,66,39
3.731,99,11.32,20.01,57,2.46,1742,65.71,55,15,0.00,0.00,3.67,237.55,3987,0.00,3.00,73,66,39
3.773,99,11.32,20.30,57,2.46,1701,66.24,55,15,0.00,0.00,3.67,239.58,4013,0.00,3.00,73,66,39
3.831,99,11.17,20.30,57,2.48,1753,66.94,55,15,0.00,0.00,3.66,239.58,4032,0.00,3.00,73,67,39
3.876,99,11.32,20.15,57,2.47,1826,66.92,55,15,0.00,0.00,3.70,247.96,4067,0.00,3.00,73,67,39
3.914,99,11.32,20.44,57,2.48,1679,66.88,55,15,0.00,0.00,3.69,246.91,4065,0.00,3.00,73,67,39
3.952,99,11.32,20.30,57,2.49,1704,67.34,55,14,0.00,0.00,3.71,257.65,4090,0.00,3.50,73,68,39
3.993,99,11.32,20.37,57,2.49,1729,68.53,55,14,0.00,0.00,3.72,253.33,4118,0.00,3.50,73,68,39
4.035,99,11.32,20.58,57,2.49,1796,69.46,55,14,0.00,0.00,3.71,259.86,4141,0.00,3.50,73,68,39
4.077,99,11.17,20.66,57,2.50,1742,69.36,55,14,0.00,0.00,3.74,256.56,4126,0.00,3.50,73,68,39
4.115,99,11.32,20.51,57,2.52,1816,67.67,55,14,0.00,0.00,3.75,258.75,4160,0.00,3.50,73,70,39
4.153,99,11.32,20.58,57,2.52,1749,68.29,55,13,0.00,0.00,3.79,256.56,4202,0.00,3.50,73,70,39
4.195,99,11.47,20.80,57,2.53,1736,68.29,55,13,0.00,0.00,3.76,266.51,4195,0.00,3.50,73,70,39
4.232,99,11.32,20.87,57,2.52,1794,69.03,55,13,0.00,0.00,3.77,264.29,4223,0.00,3.50,73,70,39
4.274,99,11.32,20.94,57,2.54,1752,69.31,55,13,0.00,0.00,3.77,265.39,4223,0.00,3.50,73,71,39
4.316,99,11.32,20.94,57,2.56,1851,70.53,55,13,0.00,0.00,3.76,263.18,4242,0.00,4.00,73,71,38
4.364,99,11.32,20.80,57,2.57,1761,70.35,55,12,0.00,0.00,3.78,267.64,4269,0.00,4.00,73,71,38
4.402,99,11.47,20.94,57,2.55,1791,70.68,55,12,0.00,0.00,3.77,265.39,4278,0.00,4.00,73,71,38
4.444,99,11.47,21.01,57,2.54,1816,71.27,55,12,0.00,0.00,3.79,268.77,4335,0.00,4.00,73,71,39
4.486,99,11.61,21.23,57,2.54,1711,71.18,55,11,0.00,0.00,3.83,273.31,4340,0.00,4.00,73,71,39
4.528,99,11.47,21.01,57,2.54,1764,71.42,55,11,0.00,0.00,3.79,269.91,4330,0.00,4.00,73,71,39
4.592,99,11.32,21.01,57,2.53,1693,72.34,55,11,0.00,0.00,3.84,281.38,4386,0.00,4.00,73,73,39
4.629,99,11.47,21.30,57,2.56,1820,72.50,55,11,0.00,0.00,3.81,274.44,4371,0.00,4.00,73,73,38
4.686,99,11.47,21.37,57,2.58,1719,73.48,55,11,0.00,0.00,3.86,284.87,4420,0.00,4.50,73,73,38
4.729,99,11.32,21.44,57,2.58,1798,73.84,55,11,0.00,0.00,3.86,286.06,4438,0.00,4.50,73,74,38
4.785,99,11.32,21.44,57,2.58,1650,74.42,55,10,0.00,0.00,3.85,283.70,4472,0.00,4.50,73,74,38
4.844,99,11.32,21.23,57,2.57,1774,74.68,55,10,0.00,0.00,3.86,286.06,4488,0.00,4.50,74,74,39
4.886,99,11.32,21.44,57,2.58,1829,74.88,55,10,0.00,0.00,3.87,293.19,4486,0.00,4.50,74,75,39
4.924,99,11.47,21.37,57,2.58,1711,76.27,55,10,0.00,0.00,3.87,288.44,4551,0.00,4.50,74,75,38
4.966,99,11.32,21.44,57,2.60,1781,76.97,55,9,0.00,0.00,3.85,282.54,4556,0.00,4.50,74,75,38
5.008,99,11.32,21.59,57,2.58,1771,76.40,55,9,0.00,0.00,3.85,286.06,4562,0.00,4.50,74,76,38
5.050,99,11.32,21.44,57,2.58,1764,76.58,55,9,0.00,0.00,3.87,287.25,4587,0.00,5.00,74,76,39
5.092,99,11.32,21.37,57,2.57,1711,76.64,55,8,0.00,0.00,3.91,298.03,4610,0.00,5.00,74,76,39
5.134,99,11.32,21.52,57,2.56,1735,76.79,55,8,0.00,0.00,3.88,293.19,4618,0.00,5.00,74,76,39
5.176,99,11.32,21.59,57,2.56,1778,77.50,55,7,0.00,0.00,3.90,299.25,4650,0.00,5.00,74,78,39
5.218,99,11.32,21.52,57,2.57,1813,78.02,55,7,0.00,0.00,3.90,290.81,4670,0.00,5.00,74,78,39
5.261,99,11.32,21.52,57,2.56,1838,78.57,55,6,0.00,0.00,3.89,292.00,4699,0.00,5.00,74,78,39
5.298,99,11.47,21.59,57,2.57,1851,78.08,55,6,0.00,0.00,3.91,298.03,4696,0.00,5.00,74,79,39
5.340,99,11.47,21.66,57,2.58,1736,78.69,55,6,0.00,0.00,3.92,301.68,4729,0.00,5.00,74,79,39
5.383,99,11.32,21.73,57,2.56,1694,79.06,55,5,0.54,0.00,3.94,309.09,4759,0.00,4.50,74,79,39
5.425,99,11.32,21.88,57,2.57,1655,80.85,55,5,0.54,0.00,3.93,302.90,4756,0.00,4.50,74,79,39
5.463,99,11.32,22.02,57,2.58,1701,81.27,55,4,0.54,0.00,3.90,296.82,4762,0.00,4.50,74,80,38
5.505,99,11.32,22.02,57,2.58,1719,81.38,55,5,0.19,0.00,3.95,309.09,4783,0.00,5.50,74,80,39
5.543,99,11.32,22.02,57,2.58,1677,80.87,55,4,0.19,0.00,3.97,306.60,4814,0.00,5.50,74,80,39
5.580,99,11.32,22.09,57,2.58,1701,81.09,55,4,0.19,0.00,3.96,311.57,4808,0.00,5.00,74,80,38
5.622,99,11.32,22.16,57,2.57,1697,81.66,55,4,0.19,0.00,3.95,307.85,4842,0.00,5.50,74,81,38
5.663,99,11.32,22.09,57,2.58,1694,82.02,55,3,0.19,0.00,3.93,304.12,4851,0.00,5.50,74,81,39
5.706,99,11.32,22.02,57,2.57,1714,82.20,55,3,0.00,0.00,3.93,302.90,4889,0.00,5.50,74,81,38
5.749,99,11.32,21.88,57,2.56,1843,81.94,55,2,0.00,0.00,3.95,307.85,4908,0.00,6.00,74,82,39
5.791,99,11.32,22.02,57,2.55,1846,81.81,55,0,0.00,0.00,3.99,317.87,4944,0.00,6.00,74,82,39
5.833,99,11.32,21.95,57,2.54,1830,81.05,55,0,0.00,0.00,3.99,319.14,4918,0.00,5.50,74,82,39
5.875,99,11.32,22.16,57,2.52,1752,82.06,55,0,0.00,0.00,3.94,306.60,4964,0.00,6.00,74,82,39
5.917,99,11.32,22.09,57,2.54,1717,82.22,55,0,0.00,0.00,3.97,312.81,4977,0.00,6.00,74,83,39
5.954,99,11.32,22.02,57,2.56,1687,83.05,55,0,0.00,0.00,3.97,312.81,4987,0.00,6.00,74,83,39
6.000,99,11.32,22.02,57,2.54,1764,82.41,55,0,0.00,0.00,3.98,316.60,4997,0.00,6.00,74,83,39
6.054,99,11.32,22.16,57,2.54,1811,82.91,55,0,0.00,0.00,3.98,315.33,5027,0.00,6.00,74,84,39
6.096,99,11.32,22.02,57,2.56,1736,83.52,55,0,0.00,0.00,4.01,322.95,5044,0.00,6.00,74,84,39
6.139,99,11.32,22.31,57,2.57,1672,84.73,55,0,0.00,0.00,4.04,333.28,5092,0.00,6.00,74,84,38
6.207,99,11.32,22.31,59,2.58,1753,85.57,55,0,0.00,0.00,4.02,326.81,5081,0.00,6.50,74,85,37
6.245,99,11.32,22.38,59,2.57,1722,85.68,55,0,0.00,0.00,4.04,330.69,5116,0.00,6.50,74,85,37
6.283,99,11.17,22.38,59,2.56,1694,85.63,55,0,0.00,0.00,4.04,331.99,5134,0.00,6.50,74,85,37
6.320,99,11.32,22.16,59,2.55,1840,86.26,55,0,0.00,0.00,4.01,322.95,5151,0.00,6.50,74,85,37
6.368,99,11.17,22.31,59,2.55,1693,85.98,55,0,0.00,0.00,4.03,329.40,5155,0.00,6.50,74,86,37
6.426,99,11.32,22.31,59,2.54,1788,86.19,55,0,0.00,0.00,4.04,331.99,5180,0.00,6.50,74,86,37
6.484,99,11.32,22.09,59,2.56,1742,87.71,55,0,0.00,0.00,4.04,330.69,5238,0.00,6.50,74,86,36
6.526,99,11.17,22.31,59,2.57,1830,87.29,55,0,0.00,0.00,4.06,338.53,5208,0.00,6.50,74,88,36
6.568,99,11.17,22.31,59,2.56,1710,88.16,55,0,0.00,0.00,4.05,334.58,5252,0.00,7.00,74,88,36
6.623,99,11.17,22.16,59,2.55,1823,88.06,55,0,0.00,0.00,4.04,329.40,5267,0.00,7.00,74,88,36
6.681,99,11.32,22.09,59,2.53,1694,88.20,55,0,0.00,0.00,4.05,331.99,5296,0.00,7.00,74,88,36
6.724,99,11.17,21.95,61,2.52,1701,87.94,55,0,0.00,0.00,4.04,329.40,5319,0.00,7.00,74,88,36
6.765,99,11.17,22.16,61,2.53,1811,87.90,55,0,0.00,0.00,4.04,333.28,5304,0.00,7.00,74,88,36
6.808,99,11.17,22.16,61,2.54,1771,88.70,55,0,0.00,0.00,4.06,338.53,5330,0.00,7.00,74,89,36
6.873,99,11.17,22.23,61,2.53,1732,88.85,55,0,0.00,0.00,4.05,335.90,5361,0.00,7.00,74,89,36
6.915,99,11.17,22.23,61,2.54,1719,89.34,55,0,0.00,0.00,4.06,335.90,5369,0.00,7.00,74,89,36
6.967,99,11.17,22.16,61,2.54,1714,89.63,55,0,0.00,0.00,4.07,339.85,5404,0.00,7.00,74,90,36
6.999,99,11.02,22.09,61,2.54,1813,89.97,55,0,0.00,0.00,4.07,341.17,5415,0.00,7.00,74,90,35
7.044,99,11.17,22.02,61,2.54,1858,89.60,55,0,0.00,0.00,4.10,343.80,5415,0.00,7.00,74,90,35
7.089,99,11.02,22.16,61,2.55,1784,90.69,55,0,0.00,0.00,4.10,349.17,5454,0.00,7.50,74,91,35
7.131,99,11.02,22.16,61,2.54,1806,91.42,55,0,0.00,0.00,4.11,350.51,5498,0.00,7.50,74,91,35
7.186,99,11.02,22.16,61,2.53,1843,91.50,55,0,0.00,0.00,4.10,349.17,5498,0.00,7.50,74,91,35
7.221,99,11.02,21.95,61,2.53,1833,90.93,55,0,0.00,0.00,4.10,346.48,5486,0.00,7.50,74,91,35
7.263,99,11.17,22.02,61,2.52,1729,91.60,55,0,0.00,0.00,4.07,341.17,5523,0.00,7.50,74,92,35
7.315,99,11.17,22.16,61,2.52,1675,91.80,55,0,0.00,0.00,4.10,347.82,5539,0.00,7.50,74,92,35
7.367,99,11.02,22.16,61,2.52,1764,91.93,55,0,0.00,0.00,4.11,350.51,5552,0.00,7.50,74,92,35
7.403,99,11.02,22.02,61,2.52,1843,92.42,55,0,0.00,0.00,4.09,345.13,5572,0.00,7.50,74,93,34
7.445,99,11.17,22.02,61,2.50,1848,91.88,55,0,0.00,0.00,4.10,347.82,5589,0.00,8.00,74,93,35
7.483,99,11.17,21.88,61,2.50,1707,91.63,55,0,0.00,0.00,4.13,351.86,5606,0.00,8.00,74,93,35
7.525,99,11.02,22.16,63,2.51,1735,92.23,55,0,0.00,0.00,4.11,350.51,5606,0.00,8.00,74,93,35
7.568,99,11.02,21.87,63,2.51,1700,93.01,55,0,0.00,0.00,4.12,349.17,5639,0.00,8.00,74,94,34
7.621,99,11.02,21.87,63,2.50,1684,92.54,55,0,0.00,0.00,4.13,355.91,5648,0.00,8.00,74,94,35
7.678,99,11.02,22.16,63,2.50,1672,93.50,55,0,0.00,0.00,4.14,360.03,5669,0.00,8.00,75,94,34
7.720,99,11.02,22.02,63,2.50,1724,93.99,55,0,0.00,0.00,4.13,355.91,5704,0.00,8.00,74,95,34
7.762,99,11.02,22.09,63,2.49,1717,93.54,55,0,0.00,0.00,4.13,357.28,5699,0.00,8.00,74,95,34
7.810,99,11.02,22.02,63,2.48,1687,93.50,55,0,0.00,0.00,4.14,358.66,5734,0.00,8.00,74,95,34
7.867,99,11.02,22.09,63,2.48,1769,94.02,55,0,0.00,0.00,4.12,357.28,5752,0.00,8.50,75,96,34
7.909,99,11.02,22.09,63,2.48,1781,93.78,55,0,0.00,0.00,4.13,357.28,5756,0.00,8.50,75,96,34
7.965,99,11.17,21.88,63,2.48,1861,94.01,55,0,0.00,0.00,4.12,354.55,5760,0.00,8.50,75,96,34
8.007,99,11.02,21.88,63,2.47,1746,94.35,55,0,0.00,0.00,4.13,355.91,5805,0.00,8.50,75,97,34
8.049,99,11.17,22.09,63,2.47,1675,94.13,55,0,0.00,0.00,4.14,360.03,5796,0.00,8.50,75,97,34
8.106,99,11.02,21.95,63,2.47,1746,94.73,55,0,0.00,0.00,4.15,360.03,5818,0.00,8.50,75,97,34
8.163,99,11.02,21.95,63,2.47,1811,94.62,55,0,0.00,0.00,4.16,362.78,5846,0.00,8.50,75,98,34
8.201,99,11.02,22.16,64,2.47,1736,94.71,55,0,0.00,0.00,4.15,362.78,5832,0.00,8.50,75,98,34
8.243,99,11.02,22.16,64,2.46,1679,95.60,55,0,0.00,0.00,4.15,362.78,5896,0.00,8.50,75,98,34
8.279,99,11.02,22.09,64,2.46,1759,95.13,55,0,0.00,0.00,4.16,364.16,5892,0.00,8.50,75,98,34
8.321,99,11.02,22.02,64,2.46,1684,95.06,55,0,0.00,0.00,4.16,365.53,5878,0.00,8.50,75,99,34
8.363,99,11.02,22.02,64,2.45,1682,95.67,55,0,0.00,0.00,4.16,364.16,5910,0.00,9.00,75,99,34
8.401,99,11.02,21.73,64,2.46,1858,95.41,55,0,0.00,0.00,4.18,369.73,5929,0.00,9.00,75,99,34
8.442,99,11.02,22.02,64,2.47,1701,96.67,55,0,0.00,0.00,4.17,368.32,5948,0.00,9.00,75,99,33
8.484,99,10.88,22.16,64,2.46,1781,95.96,55,0,0.00,0.00,4.18,369.73,5948,0.00,9.00,75,99,33
8.526,99,11.02,22.09,64,2.45,1701,95.07,55,0,0.00,0.00,4.17,368.32,5962,0.00,9.00,75,99,34
8.578,99,11.17,22.23,64,2.43,1746,94.42,55,0,0.00,0.00,4.18,369.73,5976,0.00,9.00,75,99,34
8.615,99,11.17,22.09,64,2.45,1650,96.25,55,0,0.00,0.00,4.16,365.53,5976,0.00,9.00,75,100,33
8.663,99,11.02,22.16,64,2.44,1796,97.27,55,0,0.00,0.00,4.17,366.92,6010,0.00,9.00,75,100,33
8.706,99,10.88,22.16,64,2.42,1666,96.30,55,0,0.00,0.00,4.16,364.16,6029,0.00,9.00,75,100,33
8.749,99,11.17,22.16,64,2.43,1766,95.25,55,0,0.00,0.00,4.18,372.54,6044,0.00,9.00,75,101,33
8.791,99,11.17,21.95,64,2.42,1803,95.40,55,0,0.00,0.00,4.17,366.92,6058,0.00,9.00,75,101,33
8.835,99,11.17,22.16,64,2.41,1700,95.56,55,0,0.00,0.00,4.17,368.32,6058,0.00,9.00,75,101,33
8.884,99,11.02,21.80,64,2.41,1759,96.60,55,0,0.00,0.00,4.16,364.16,6073,0.00,9.00,75,101,33
8.932,99,10.88,21.95,66,2.41,1675,97.32,55,0,0.00,0.00,4.18,368.32,6098,0.00,9.00,75,102,33
8.973,99,10.88,22.02,66,2.40,1778,96.74,55,0,0.00,0.00,4.17,371.13,6112,0.00,9.50,75,102,33
9.026,99,11.02,22.09,66,2.40,1777,95.02,55,0,0.00,0.00,4.18,372.54,6122,0.00,9.50,75,102,33
9.078,99,11.17,22.02,66,2.40,1693,95.34,55,0,0.00,0.00,4.18,371.13,6138,0.00,9.50,75,103,33
9.121,99,11.17,21.88,66,2.40,1687,96.80,55,0,0.00,0.00,4.17,366.92,6152,0.00,9.50,75,103,33
9.169,99,11.02,22.02,66,2.39,1736,97.13,55,0,0.00,0.00,4.18,369.73,6158,0.00,9.50,75,103,33
9.212,99,10.88,21.87,66,2.40,1736,97.12,55,0,0.00,0.00,4.18,372.54,6163,0.00,9.50,75,103,33
9.256,99,11.02,22.16,66,2.39,1675,96.04,55,0,0.00,0.00,4.18,368.32,6193,0.00,9.50,75,103,33
9.313,99,11.02,21.88,66,2.37,1724,95.53,55,0,0.00,0.00,4.18,369.73,6208,0.00,9.50,75,103,33
9.345,99,11.17,21.73,66,2.36,1836,94.44,55,0,0.00,0.00,4.18,369.73,6224,0.00,9.50,75,104,33
9.398,99,11.32,21.87,66,2.38,1806,96.09,55,0,0.00,0.00,4.17,368.32,6245,0.00,9.50,75,104,32
9.447,99,11.02,21.88,66,2.36,1714,97.02,55,0,0.00,0.00,4.18,369.73,6214,0.00,9.50,75,104,33
9.499,99,10.88,21.87,66,2.35,1724,97.32,55,0,0.00,0.00,4.18,372.54,6276,0.00,10.00,75,104,33
9.542,99,10.88,21.80,66,2.34,1746,96.39,55,0,0.00,0.00,4.19,373.94,6292,0.00,10.00,75,104,33
9.585,99,11.02,22.02,66,2.35,1778,95.82,55,0,0.00,0.00,4.19,375.35,6276,0.00,10.00,75,104,33
9.637,99,11.02,22.02,66,2.35,1796,95.97,55,0,0.00,0.00,4.18,372.54,6292,0.00,10.00,75,104,33
9.680,99,11.02,21.95,66,2.34,1865,96.21,55,0,0.12,0.00,4.18,371.13,6308,0.00,9.50,75,106,33
9.733,99,11.02,22.02,66,2.32,1659,96.21,55,0,0.12,0.00,4.17,366.92,6324,0.00,10.00,75,106,33
9.781,99,11.02,22.09,66,2.32,1774,96.62,55,0,0.12,0.00,4.19,373.94,6329,0.00,10.00,75,106,33
9.818,99,11.02,22.02,68,2.32,1697,97.96,55,0,0.12,0.00,4.18,371.13,6372,0.00,10.00,75,106,32
9.861,99,11.02,22.02,68,2.32,1735,97.55,55,0,0.12,0.00,4.18,369.73,6345,0.00,10.00,75,106,33
9.906,99,10.88,22.02,68,2.34,1687,97.88,55,0,0.00,0.00,4.18,369.73,6356,0.00,10.00,75,106,32
9.947,99,10.88,22.16,68,2.32,1711,97.18,55,0,0.00,0.00,4.19,373.94,6410,0.00,10.00,75,107,32
9.993,99,11.02,21.94,68,2.32,1662,95.82,55,0,0.00,0.00,4.19,373.94,6399,0.00,10.00,75,107,32
10.039,99,11.17,21.94,68,2.33,1704,96.00,55,0,0.00,0.00,4.20,376.75,6388,0.00,10.00,75,107,32
10.086,99,11.17,21.94,68,2.32,1669,97.44,55,0,0.00,0.00,4.19,375.35,6410,0.00,10.50,75,107,32
10.130,99,11.02,22.16,70,2.31,1736,97.51,55,0,0.00,0.00,4.19,373.94,6432,0.00,10.50,75,107,32
10.183,99,10.88,22.02,70,2.30,1687,96.91,55,0,0.00,0.00,4.19,373.94,6432,0.00,10.50,75,107,32
10.229,99,11.02,21.87,70,2.31,1700,97.33,55,0,0.00,0.00,4.19,373.94,6454,0.00,10.50,75,107,32
10.273,99,11.02,22.02,70,2.32,1714,96.98,55,0,0.00,0.00,4.19,375.35,6466,0.00,10.50,75,108,32
10.321,99,11.02,22.09,70,2.29,1652,96.10,55,0,0.00,0.00,4.19,375.35,6494,0.00,10.50,75,108,32
10.366,99,11.32,22.23,70,2.29,1848,96.36,55,0,0.00,0.00,4.18,371.13,6499,0.00,10.50,76,108,32
10.409,99,11.02,21.87,70,2.30,1796,97.93,55,0,0.00,0.00,4.19,375.35,6482,0.00,10.00,75,109,31
10.463,99,10.88,22.16,70,2.30,1791,98.78,55,0,0.00,0.00,4.19,373.94,6516,0.00,10.50,75,109,31
10.504,99,10.88,22.16,70,2.29,1752,98.08,55,0,0.00,0.00,4.19,375.35,6556,0.00,10.50,76,109,31
10.547,99,11.02,22.31,70,2.29,1742,96.87,55,0,0.00,0.00,4.19,375.35,6528,0.00,10.50,76,109,31
10.593,99,11.17,22.16,70,2.28,1690,96.86,55,0,0.00,0.00,4.20,378.17,6539,0.00,10.50,75,109,31
10.636,99,11.17,22.16,70,2.27,1687,97.29,55,0,0.00,0.00,4.18,372.54,6568,0.00,10.50,76,109,31
10.679,99,11.02,22.23,70,2.27,1742,97.73,55,0,0.00,0.00,4.18,372.54,6544,0.00,10.50,76,109,31
10.732,99,11.02,22.23,70,2.28,1766,98.78,55,0,0.00,0.00,4.21,379.60,6562,0.00,10.50,76,110,30
10.776,99,10.73,22.02,70,2.27,1794,99.03,55,0,0.00,0.00,4.19,373.94,6608,0.00,10.50,76,110,30
10.823,99,10.88,22.16,70,2.25,1732,96.13,55,0,0.00,0.00,4.19,375.35,6596,0.00,10.50,76,110,31
10.865,99,11.17,21.94,70,2.25,1806,96.03,55,0,0.00,0.00,4.20,376.75,6620,0.00,10.50,76,111,30
10.917,99,11.32,22.09,70,2.25,1893,96.91,55,0,0.00,0.00,4.18,371.13,6614,0.00,11.00,76,111,30
10.960,99,11.17,22.16,70,2.24,1798,98.14,55,0,0.00,0.00,4.19,375.35,6631,0.00,10.50,76,111,31
11.012,99,11.02,21.73,70,2.25,1701,99.73,55,0,0.00,0.00,4.19,375.35,6655,0.00,11.00,76,111,30
11.054,99,10.88,21.95,70,2.25,1820,98.05,55,0,0.00,0.00,4.19,373.94,6637,0.00,11.00,76,111,30
11.101,99,10.88,21.88,72,2.23,1806,96.63,55,0,0.00,0.00,4.18,371.13,6655,0.00,11.00,76,111,30
11.145,99,11.17,22.02,72,2.23,1781,95.72,55,0,0.00,0.00,4.19,373.94,6684,0.00,11.00,76,111,30
11.187,99,11.32,21.95,72,2.23,1714,98.04,55,0,0.00,0.00,4.19,375.35,6696,0.00,11.00,76,112,31
11.230,99,11.17,21.80,72,2.24,1897,98.76,55,0,0.00,0.00,4.20,376.75,6667,0.00,11.00,76,112,30
11.278,99,10.73,21.87,72,2.24,1749,0.00,55,0,0.00,0.00,4.21,381.03,6708,0.00,11.00,76,112,30
11.330,99,15.43,21.88,72,2.17,1752,95.75,55,0,0.84,0.00,4.06,337.22,6510,0.00,10.00,76,112,31
11.382,99,11.32,21.37,72,2.11,2051,0.00,55,0,0.00,0.00,4.11,350.51,6818,0.00,-2.00,76,112,32
11.424,98,21.76,20.15,72,1.94,1803,75.79,55,0,0.00,0.00,3.86,284.87,6602,0.00,3.50,76,112,32
11.461,39,12.20,19.65,72,1.91,1743,0.00,55,0,0.14,0.00,4.05,337.22,6794,0.00,11.00,76,111,32
11.517,0,27.05,17.71,73,1.83,1809,81.46,55,0,0.00,0.00,3.82,286.06,6499,0.00,0.50,32,111,0
11.549,0,12.35,9.82,73,1.72,2016,0.00,55,0,0.00,0.00,3.11,141.81,6732,0.00,11.00,9,111,0
11.591,0,13.52,-4.38,73,1.27,1980,0.00,55,0,0.00,0.00,3.01,127.16,6602,0.00,9.00,5,111,0
11.634,0,25.14,-7.40,73,1.25,1907,0.00,55,0,0.00,0.00,3.60,227.58,6544,0.00,7.50,4,111,0
11.670,0,29.25,-10.20,73,1.28,1974,0.00,55,0,0.00,0.00,3.21,186.74,6466,0.00,7.00,3,111,0
11.728,0,29.25,-11.27,73,0.91,1903,0.00,55,0,0.00,0.00,2.29,50.76,6378,0.00,11.00,3,111,0
11.761,0,29.25,-11.77,73,0.88,1922,0.00,55,0,0.00,0.00,3.17,155.25,6313,0.00,15.00,3,111,0
11.813,0,29.25,-11.92,72,0.77,1959,0.00,55,0,0.00,0.00,2.55,72.79,6214,0.00,16.50,3,111,0
11.858,-0,29.25,-11.92,72,0.60,2058,0.00,55,0,0.00,0.00,2.52,67.67,6122,0.00,23.00,3,111,0
11.901,0,29.25,-11.99,72,0.49,1922,0.00,55,0,0.00,0.00,2.39,61.08,6029,0.00,27.00,3,111,0
11.948,0,29.25,-11.84,72,0.44,1987,0.00,55,0,0.00,3.91,2.35,55.98,5934,0.00,39.00,3,111,0
11.995,0,29.25,-11.99,72,0.42,1920,0.00,55,0,0.00,3.91,2.34,54.53,5841,0.00,40.50,3,111,0
12.036,0,29.25,-11.92,70,0.41,1927,0.00,55,0,0.00,3.91,2.32,52.36,5796,0.00,44.50,3,111,0
12.079,0,29.25,-11.99,70,0.41,1848,0.00,55,0,0.00,3.91,2.28,50.76,5716,0.00,45.00,3,111,0
12.133,0,29.25,-11.99,70,0.40,1854,0.00,55,0,0.00,3.91,2.25,48.88,5622,0.00,46.50,3,111,0
12.180,0,29.25,-11.99,70,0.40,1816,0.00,55,0,0.00,3.91,2.23,46.73,5539,0.00,47.00,3,111,0
12.225,0,29.25,-11.99,70,0.40,1816,0.00,55,1,0.00,3.91,2.22,46.43,5458,0.00,46.00,3,110,0
12.261,0,29.25,-11.99,70,0.39,1816,0.00,55,0,0.00,3.91,2.17,44.34,5411,0.00,46.00,3,110,0
12.308,-0,29.25,-11.99,70,0.38,1816,0.00,55,0,0.00,3.91,2.16,42.57,5278,0.00,44.00,3,110,0
12.350,0,29.25,-11.92,70,0.40,1813,0.00,55,0,0.00,3.91,2.14,41.25,4732,0.00,37.00,5,111,0
12.397,0,29.25,-11.85,70,0.45,1813,0.00,55,0,0.00,3.91,2.16,43.16,4174,0.00,34.50,6,111,0
12.453,0,29.25,-11.49,70,0.49,1816,0.00,55,0,0.00,3.91,2.18,44.04,4028,0.00,32.00,7,111,0
12.495,0,29.25,-11.27,70,0.48,1816,0.00,57,0,0.00,3.91,2.16,43.16,4303,0.00,30.50,7,109,0
12.541,0,29.25,-11.13,70,0.46,1816,0.00,57,0,0.00,3.91,2.16,41.91,4249,0.00,32.50,7,109,0
12.597,0,29.25,-11.06,70,0.45,1813,0.00,57,0,0.00,3.91,2.13,40.59,4209,0.00,32.50,7,109,0
12.640,-0,29.25,-10.98,70,0.45,1813,0.00,57,0,0.00,3.91,2.14,41.25,4261,0.00,33.00,7,109,0
12.695,0,29.25,-10.98,70,0.44,1813,0.00,57,0,0.00,3.91,2.10,39.30,4214,0.00,34.50,7,109,0
12.748,0,29.25,-10.98,70,0.43,1813,0.00,57,0,0.00,3.91,2.09,37.72,4242,0.00,35.00,7,109,0
12.781,0,29.25,-10.98,70,0.43,1813,0.00,57,0,0.00,3.91,2.08,37.12,4230,0.00,35.00,7,109,0
12.834,0,29.25,-10.98,70,0.42,1813,0.00,57,0,0.00,3.91,2.07,36.22,4218,0.00,35.50,7,109,0
12.887,0,29.25,-10.98,70,0.42,1811,0.00,57,0,0.00,3.91,2.07,36.52,4220,0.00,35.50,7,109,0
12.944,-0,29.25,-10.98,70,0.40,1813,0.00,57,0,0.00,3.91,2.03,34.46,4204,0.00,36.00,7,109,0
12.981,0,29.25,-11.06,70,0.40,1811,0.00,57,0,0.00,3.91,2.03,34.17,4204,0.00,36.00,7,109,0
13.039,0,29.25,-10.98,70,0.39,1813,0.00,57,0,0.00,3.91,2.01,33.32,4197,0.00,36.00,7,109,0
13.093,0,29.25,-10.98,70,0.39,1811,0.00,57,0,0.00,3.91,2.00,32.75,4188,0.00,36.50,7,108,0
13.135,0,29.25,-11.06,70,0.38,1813,0.00,57,0,0.00,3.91,1.99,32.22,4185,0.00,36.50,7,108,0
13.177,0,29.25,-11.06,70,0.37,1813,0.00,57,0,0.00,3.91,1.98,30.88,4185,0.00,37.00,7,108,0
13.211,0,29.25,-11.06,70,0.37,1813,0.00,57,0,0.00,3.91,1.98,31.68,4176,0.00,39.50,7,108,0
13.265,0,29.25,-11.06,70,0.36,1811,0.00,57,0,0.00,3.91,1.95,29.87,4171,0.00,40.00,7,107,0
13.302,0,29.25,-10.98,70,0.35,1811,0.00,57,0,0.00,3.91,1.93,28.89,4162,0.00,44.50,7,107,0
13.349,0,29.25,-10.98,70,0.34,1809,0.00,57,0,0.00,3.91,1.92,28.64,4162,0.00,48.00,7,107,0
13.384,0,29.25,-10.98,70,0.33,1811,0.00,57,0,0.00,3.91,1.91,27.95,4162,0.00,50.00,7,107,0
13.440,0,29.25,-10.98,70,0.32,1809,0.00,57,0,0.00,3.91,1.90,26.80,4144,0.00,50.00,7,107,0
13.495,0,29.25,-11.06,70,0.32,1813,0.00,57,0,0.00,3.91,1.89,26.80,4139,0.00,50.00,7,107,0
13.536,0,29.25,-10.98,70,0.31,1811,0.00,57,0,0.00,3.91,1.87,25.90,4139,0.00,50.00,7,107,0
13.574,0,29.25,-11.06,70,0.30,1813,0.00,57,0,0.00,3.91,1.85,25.22,4128,0.00,50.00,7,107,0
13.616,-0,29.25,-11.06,70,0.29,1811,0.00,57,0,0.00,9.38,1.82,23.89,4126,0.00,50.00,7,107,0
13.658,0,29.25,-11.06,70,0.27,1811,0.00,57,0,0.00,9.38,1.80,22.80,4132,0.00,50.00,7,107,0
13.713,0,29.25,-11.06,70,0.25,1811,0.00,57,0,0.00,9.38,1.76,20.95,4114,0.00,50.00,7,106,0
